repeat_seed,section,variant_name,scenario,fit_seconds,predict_seconds,selection_seconds
7,predictive_missingness,gp_only,mar_0.30,2.360746,,
7,predictive_missingness,homogeneous_missingness,mar_0.30,4.435133,,
7,predictive_missingness,sensor_conditional_plugin_missingness,mar_0.30,4.545785,,
7,predictive_missingness,joint_variational_missingness,mar_0.30,5.217898,,
7,predictive_missingness,joint_generative_missingness,mar_0.30,9.546710,,
7,predictive_missingness,full_joint_jvi_training,mar_0.30,15.317859,,
7,predictive_missingness,gp_only,mar_0.50,1.210726,,
7,predictive_missingness,homogeneous_missingness,mar_0.50,3.722473,,
7,predictive_missingness,sensor_conditional_plugin_missingness,mar_0.50,4.084690,,
7,predictive_missingness,joint_variational_missingness,mar_0.50,4.661297,,
7,predictive_missingness,joint_generative_missingness,mar_0.50,8.929837,,
7,predictive_missingness,full_joint_jvi_training,mar_0.50,15.153679,,
7,predictive_missingness,gp_only,mar_0.70,0.679956,,
7,predictive_missingness,homogeneous_missingness,mar_0.70,3.022549,,
7,predictive_missingness,sensor_conditional_plugin_missingness,mar_0.70,3.079910,,
7,predictive_missingness,joint_variational_missingness,mar_0.70,3.669258,,
7,predictive_missingness,joint_generative_missingness,mar_0.70,8.122654,,
7,predictive_missingness,full_joint_jvi_training,mar_0.70,15.227366,,
7,predictive_missingness,gp_only,state_dependent_mnar_0.30,1.665568,,
7,predictive_missingness,homogeneous_missingness,state_dependent_mnar_0.30,4.557363,,
7,predictive_missingness,sensor_conditional_plugin_missingness,state_dependent_mnar_0.30,4.697381,,
7,predictive_missingness,joint_variational_missingness,state_dependent_mnar_0.30,5.318111,,
7,predictive_missingness,joint_generative_missingness,state_dependent_mnar_0.30,9.606510,,
7,predictive_missingness,full_joint_jvi_training,state_dependent_mnar_0.30,15.243156,,
7,predictive_missingness,gp_only,state_dependent_mnar_0.50,1.209531,,
7,predictive_missingness,homogeneous_missingness,state_dependent_mnar_0.50,3.766206,,
7,predictive_missingness,sensor_conditional_plugin_missingness,state_dependent_mnar_0.50,3.965504,,
7,predictive_missingness,joint_variational_missingness,state_dependent_mnar_0.50,4.592744,,
7,predictive_missingness,joint_generative_missingness,state_dependent_mnar_0.50,9.017212,,
7,predictive_missingness,full_joint_jvi_training,state_dependent_mnar_0.50,15.032399,,
7,predictive_missingness,gp_only,state_dependent_mnar_0.70,0.773655,,
7,predictive_missingness,homogeneous_missingness,state_dependent_mnar_0.70,3.152799,,
7,predictive_missingness,sensor_conditional_plugin_missingness,state_dependent_mnar_0.70,3.347181,,
7,predictive_missingness,joint_variational_missingness,state_dependent_mnar_0.70,3.899940,,
7,predictive_missingness,joint_generative_missingness,state_dependent_mnar_0.70,8.218198,,
7,predictive_missingness,full_joint_jvi_training,state_dependent_mnar_0.70,15.234344,,
7,predictive_missingness,gp_only,value_dependent_mnar_0.30,1.688170,,
7,predictive_missingness,homogeneous_missingness,value_dependent_mnar_0.30,4.582650,,
7,predictive_missingness,sensor_conditional_plugin_missingness,value_dependent_mnar_0.30,4.713174,,
7,predictive_missingness,joint_variational_missingness,value_dependent_mnar_0.30,5.298649,,
7,predictive_missingness,joint_generative_missingness,value_dependent_mnar_0.30,9.658136,,
7,predictive_missingness,full_joint_jvi_training,value_dependent_mnar_0.30,15.185410,,
7,predictive_missingness,gp_only,value_dependent_mnar_0.50,1.222388,,
7,predictive_missingness,homogeneous_missingness,value_dependent_mnar_0.50,3.820660,,
7,predictive_missingness,sensor_conditional_plugin_missingness,value_dependent_mnar_0.50,3.980370,,
7,predictive_missingness,joint_variational_missingness,value_dependent_mnar_0.50,4.510686,,
7,predictive_missingness,joint_generative_missingness,value_dependent_mnar_0.50,8.907535,,
7,predictive_missingness,full_joint_jvi_training,value_dependent_mnar_0.50,15.155693,,
7,predictive_missingness,gp_only,value_dependent_mnar_0.70,0.717158,,
7,predictive_missingness,homogeneous_missingness,value_dependent_mnar_0.70,3.085326,,
7,predictive_missingness,sensor_conditional_plugin_missingness,value_dependent_mnar_0.70,3.228627,,
7,predictive_missingness,joint_variational_missingness,value_dependent_mnar_0.70,3.722130,,
7,predictive_missingness,joint_generative_missingness,value_dependent_mnar_0.70,8.210569,,
7,predictive_missingness,full_joint_jvi_training,value_dependent_mnar_0.70,15.406739,,
7,fault_diagnosis,pointwise_threshold_baseline,random_dropout,3.151885,0.083101,
7,fault_diagnosis,temporal_residual_baseline,random_dropout,3.313788,0.246249,
7,fault_diagnosis,dbn_lite,random_dropout,58.477474,1.065004,
7,fault_diagnosis,pi_ssd_only,random_dropout,53.981609,0.785908,
7,fault_diagnosis,dbn_plus_pi_ssd,random_dropout,127.889230,1.172722,
7,fault_diagnosis,pointwise_threshold_baseline,block_missingness,3.151885,0.073115,
7,fault_diagnosis,temporal_residual_baseline,block_missingness,3.313788,0.225799,
7,fault_diagnosis,dbn_lite,block_missingness,58.477474,1.106698,
7,fault_diagnosis,pi_ssd_only,block_missingness,53.981609,0.856000,
7,fault_diagnosis,dbn_plus_pi_ssd,block_missingness,127.889230,1.225328,
7,fault_diagnosis,pointwise_threshold_baseline,frozen_sensor,3.151885,0.073523,
7,fault_diagnosis,temporal_residual_baseline,frozen_sensor,3.313788,0.224072,
7,fault_diagnosis,dbn_lite,frozen_sensor,58.477474,1.062623,
7,fault_diagnosis,pi_ssd_only,frozen_sensor,53.981609,0.855512,
7,fault_diagnosis,dbn_plus_pi_ssd,frozen_sensor,127.889230,1.226401,
7,fault_diagnosis,pointwise_threshold_baseline,drift,3.151885,0.078194,
7,fault_diagnosis,temporal_residual_baseline,drift,3.313788,0.242986,
7,fault_diagnosis,dbn_lite,drift,58.477474,1.090503,
7,fault_diagnosis,pi_ssd_only,drift,53.981609,0.851406,
7,fault_diagnosis,dbn_plus_pi_ssd,drift,127.889230,1.211372,
7,fault_diagnosis,pointwise_threshold_baseline,spike_burst,3.151885,0.084938,
7,fault_diagnosis,temporal_residual_baseline,spike_burst,3.313788,0.222510,
7,fault_diagnosis,dbn_lite,spike_burst,58.477474,1.110773,
7,fault_diagnosis,pi_ssd_only,spike_burst,53.981609,0.843146,
7,fault_diagnosis,dbn_plus_pi_ssd,spike_burst,127.889230,1.215154,
7,fault_diagnosis,pointwise_threshold_baseline,extreme_event_confound,3.151885,0.087669,
7,fault_diagnosis,temporal_residual_baseline,extreme_event_confound,3.313788,0.252243,
7,fault_diagnosis,dbn_lite,extreme_event_confound,58.477474,1.065887,
7,fault_diagnosis,pi_ssd_only,extreme_event_confound,53.981609,0.834698,
7,fault_diagnosis,dbn_plus_pi_ssd,extreme_event_confound,127.889230,1.224639,
7,reliability_shift,no_conformal,chronological_shift,15.325668,0.305140,
7,reliability_shift,split_conformal,chronological_shift,15.750081,0.019614,
7,reliability_shift,adaptive_conformal,chronological_shift,16.051986,0.476040,
7,reliability_shift,relational_adaptive,chronological_shift,16.315113,1.800143,
7,reliability_shift,graph_corel,chronological_shift,17.082523,1.652438,
7,reliability_shift,full_model,chronological_shift,16.046733,1.754726,
7,ablation,base_gp_only,canonical,2.297235,,0.065996
7,ablation,gp_plus_dynamic_silence,canonical,3.347507,,0.063874
7,ablation,gp_plus_sensor_conditional_missingness,canonical,5.748469,,0.087525
7,ablation,gp_plus_joint_generative_jvi_training,canonical,15.432152,,0.093082
7,ablation,gp_plus_conformal_reliability,canonical,3.556400,,0.062249
7,ablation,myopic_policy_baseline,canonical,17.194366,,0.120195
7,ablation,full_model,canonical,15.941376,,2.121341
7,policy_runtime,random,budgeted_selection,,,0.001139
7,policy_runtime,variance_policy_baseline,budgeted_selection,17.810940,0.020554,0.095344
7,policy_runtime,myopic_policy_baseline,budgeted_selection,17.403595,0.020511,0.122731
7,policy_runtime,rollout_policy_baseline,budgeted_selection,17.227481,0.020776,0.099287
7,policy_runtime,ppo_warmstart_baseline,budgeted_selection,17.397568,0.020393,0.142320
7,policy_runtime,full_model,budgeted_selection,16.357858,0.020355,2.205143
11,predictive_missingness,gp_only,mar_0.30,1.761379,,
11,predictive_missingness,homogeneous_missingness,mar_0.30,4.618658,,
11,predictive_missingness,sensor_conditional_plugin_missingness,mar_0.30,4.682286,,
11,predictive_missingness,joint_variational_missingness,mar_0.30,5.334410,,
11,predictive_missingness,joint_generative_missingness,mar_0.30,9.788337,,
11,predictive_missingness,full_joint_jvi_training,mar_0.30,15.306991,,
11,predictive_missingness,gp_only,mar_0.50,1.174752,,
11,predictive_missingness,homogeneous_missingness,mar_0.50,3.814011,,
11,predictive_missingness,sensor_conditional_plugin_missingness,mar_0.50,4.081173,,
11,predictive_missingness,joint_variational_missingness,mar_0.50,4.585189,,
11,predictive_missingness,joint_generative_missingness,mar_0.50,8.987310,,
11,predictive_missingness,full_joint_jvi_training,mar_0.50,15.325203,,
11,predictive_missingness,gp_only,mar_0.70,0.706186,,
11,predictive_missingness,homogeneous_missingness,mar_0.70,3.119834,,
11,predictive_missingness,sensor_conditional_plugin_missingness,mar_0.70,3.195759,,
11,predictive_missingness,joint_variational_missingness,mar_0.70,3.807978,,
11,predictive_missingness,joint_generative_missingness,mar_0.70,8.196732,,
11,predictive_missingness,full_joint_jvi_training,mar_0.70,15.310665,,
11,predictive_missingness,gp_only,state_dependent_mnar_0.30,1.670595,,
11,predictive_missingness,homogeneous_missingness,state_dependent_mnar_0.30,4.626632,,
11,predictive_missingness,sensor_conditional_plugin_missingness,state_dependent_mnar_0.30,4.742217,,
11,predictive_missingness,joint_variational_missingness,state_dependent_mnar_0.30,5.191027,,
11,predictive_missingness,joint_generative_missingness,state_dependent_mnar_0.30,9.723329,,
11,predictive_missingness,full_joint_jvi_training,state_dependent_mnar_0.30,15.191725,,
11,predictive_missingness,gp_only,state_dependent_mnar_0.50,1.245421,,
11,predictive_missingness,homogeneous_missingness,state_dependent_mnar_0.50,3.856575,,
11,predictive_missingness,sensor_conditional_plugin_missingness,state_dependent_mnar_0.50,3.954643,,
11,predictive_missingness,joint_variational_missingness,state_dependent_mnar_0.50,4.594124,,
11,predictive_missingness,joint_generative_missingness,state_dependent_mnar_0.50,8.985481,,
11,predictive_missingness,full_joint_jvi_training,state_dependent_mnar_0.50,15.203100,,
11,predictive_missingness,gp_only,state_dependent_mnar_0.70,0.825159,,
11,predictive_missingness,homogeneous_missingness,state_dependent_mnar_0.70,3.268240,,
11,predictive_missingness,sensor_conditional_plugin_missingness,state_dependent_mnar_0.70,3.399873,,
11,predictive_missingness,joint_variational_missingness,state_dependent_mnar_0.70,3.949695,,
11,predictive_missingness,joint_generative_missingness,state_dependent_mnar_0.70,8.393235,,
11,predictive_missingness,full_joint_jvi_training,state_dependent_mnar_0.70,15.444360,,
11,predictive_missingness,gp_only,value_dependent_mnar_0.30,1.715327,,
11,predictive_missingness,homogeneous_missingness,value_dependent_mnar_0.30,4.622390,,
11,predictive_missingness,sensor_conditional_plugin_missingness,value_dependent_mnar_0.30,4.685399,,
11,predictive_missingness,joint_variational_missingness,value_dependent_mnar_0.30,5.351955,,
11,predictive_missingness,joint_generative_missingness,value_dependent_mnar_0.30,9.624615,,
11,predictive_missingness,full_joint_jvi_training,value_dependent_mnar_0.30,15.260499,,
11,predictive_missingness,gp_only,value_dependent_mnar_0.50,1.165069,,
11,predictive_missingness,homogeneous_missingness,value_dependent_mnar_0.50,3.765001,,
11,predictive_missingness,sensor_conditional_plugin_missingness,value_dependent_mnar_0.50,4.021112,,
11,predictive_missingness,joint_variational_missingness,value_dependent_mnar_0.50,4.538602,,
11,predictive_missingness,joint_generative_missingness,value_dependent_mnar_0.50,9.028050,,
11,predictive_missingness,full_joint_jvi_training,value_dependent_mnar_0.50,15.291778,,
11,predictive_missingness,gp_only,value_dependent_mnar_0.70,0.700353,,
11,predictive_missingness,homogeneous_missingness,value_dependent_mnar_0.70,3.037006,,
11,predictive_missingness,sensor_conditional_plugin_missingness,value_dependent_mnar_0.70,3.207194,,
11,predictive_missingness,joint_variational_missingness,value_dependent_mnar_0.70,3.641267,,
11,predictive_missingness,joint_generative_missingness,value_dependent_mnar_0.70,8.008386,,
11,predictive_missingness,full_joint_jvi_training,value_dependent_mnar_0.70,15.419128,,
11,fault_diagnosis,pointwise_threshold_baseline,random_dropout,3.189446,0.088536,
11,fault_diagnosis,temporal_residual_baseline,random_dropout,3.338496,0.252268,
11,fault_diagnosis,dbn_lite,random_dropout,58.782423,1.058064,
11,fault_diagnosis,pi_ssd_only,random_dropout,54.145028,0.864070,
11,fault_diagnosis,dbn_plus_pi_ssd,random_dropout,128.395454,1.209818,
11,fault_diagnosis,pointwise_threshold_baseline,block_missingness,3.189446,0.087847,
11,fault_diagnosis,temporal_residual_baseline,block_missingness,3.338496,0.235088,
11,fault_diagnosis,dbn_lite,block_missingness,58.782423,1.064678,
11,fault_diagnosis,pi_ssd_only,block_missingness,54.145028,0.847150,
11,fault_diagnosis,dbn_plus_pi_ssd,block_missingness,128.395454,1.196840,
11,fault_diagnosis,pointwise_threshold_baseline,frozen_sensor,3.189446,0.089065,
11,fault_diagnosis,temporal_residual_baseline,frozen_sensor,3.338496,0.256416,
11,fault_diagnosis,dbn_lite,frozen_sensor,58.782423,1.115615,
11,fault_diagnosis,pi_ssd_only,frozen_sensor,54.145028,0.828005,
11,fault_diagnosis,dbn_plus_pi_ssd,frozen_sensor,128.395454,1.143512,
11,fault_diagnosis,pointwise_threshold_baseline,drift,3.189446,0.072972,
11,fault_diagnosis,temporal_residual_baseline,drift,3.338496,0.252137,
11,fault_diagnosis,dbn_lite,drift,58.782423,1.086075,
11,fault_diagnosis,pi_ssd_only,drift,54.145028,0.824792,
11,fault_diagnosis,dbn_plus_pi_ssd,drift,128.395454,1.224607,
11,fault_diagnosis,pointwise_threshold_baseline,spike_burst,3.189446,0.084256,
11,fault_diagnosis,temporal_residual_baseline,spike_burst,3.338496,0.253911,
11,fault_diagnosis,dbn_lite,spike_burst,58.782423,1.116806,
11,fault_diagnosis,pi_ssd_only,spike_burst,54.145028,0.863918,
11,fault_diagnosis,dbn_plus_pi_ssd,spike_burst,128.395454,1.206715,
11,fault_diagnosis,pointwise_threshold_baseline,extreme_event_confound,3.189446,0.088555,
11,fault_diagnosis,temporal_residual_baseline,extreme_event_confound,3.338496,0.252860,
11,fault_diagnosis,dbn_lite,extreme_event_confound,58.782423,1.107309,
11,fault_diagnosis,pi_ssd_only,extreme_event_confound,54.145028,0.850254,
11,fault_diagnosis,dbn_plus_pi_ssd,extreme_event_confound,128.395454,1.179675,
11,reliability_shift,no_conformal,chronological_shift,15.334200,0.273940,
11,reliability_shift,split_conformal,chronological_shift,15.829264,0.022128,
11,reliability_shift,adaptive_conformal,chronological_shift,16.211256,0.504880,
11,reliability_shift,relational_adaptive,chronological_shift,16.213265,1.773262,
11,reliability_shift,graph_corel,chronological_shift,17.030164,1.654979,
11,reliability_shift,full_model,chronological_shift,16.203663,1.786184,
11,ablation,base_gp_only,canonical,2.250105,,0.062007
11,ablation,gp_plus_dynamic_silence,canonical,3.369804,,0.063840
11,ablation,gp_plus_sensor_conditional_missingness,canonical,5.795265,,0.081974
11,ablation,gp_plus_joint_generative_jvi_training,canonical,15.297533,,0.091381
11,ablation,gp_plus_conformal_reliability,canonical,3.539032,,0.062126
11,ablation,myopic_policy_baseline,canonical,17.337923,,0.170163
11,ablation,full_model,canonical,16.263928,,2.125626
11,policy_runtime,random,budgeted_selection,,,0.001154
11,policy_runtime,variance_policy_baseline,budgeted_selection,18.229153,0.020182,0.096969
11,policy_runtime,myopic_policy_baseline,budgeted_selection,17.279984,0.021415,0.180041
11,policy_runtime,rollout_policy_baseline,budgeted_selection,17.463419,0.019544,0.094378
11,policy_runtime,ppo_warmstart_baseline,budgeted_selection,17.322415,0.017175,0.142799
11,policy_runtime,full_model,budgeted_selection,16.301521,0.020486,2.199104
19,predictive_missingness,gp_only,mar_0.30,1.693279,,
19,predictive_missingness,homogeneous_missingness,mar_0.30,4.424226,,
19,predictive_missingness,sensor_conditional_plugin_missingness,mar_0.30,4.745866,,
19,predictive_missingness,joint_variational_missingness,mar_0.30,5.223353,,
19,predictive_missingness,joint_generative_missingness,mar_0.30,9.674251,,
19,predictive_missingness,full_joint_jvi_training,mar_0.30,15.188002,,
19,predictive_missingness,gp_only,mar_0.50,1.190416,,
19,predictive_missingness,homogeneous_missingness,mar_0.50,3.806373,,
19,predictive_missingness,sensor_conditional_plugin_missingness,mar_0.50,4.037724,,
19,predictive_missingness,joint_variational_missingness,mar_0.50,4.576151,,
19,predictive_missingness,joint_generative_missingness,mar_0.50,9.056159,,
19,predictive_missingness,full_joint_jvi_training,mar_0.50,15.181184,,
19,predictive_missingness,gp_only,mar_0.70,0.741342,,
19,predictive_missingness,homogeneous_missingness,mar_0.70,3.086946,,
19,predictive_missingness,sensor_conditional_plugin_missingness,mar_0.70,3.283777,,
19,predictive_missingness,joint_variational_missingness,mar_0.70,3.793122,,
19,predictive_missingness,joint_generative_missingness,mar_0.70,8.103827,,
19,predictive_missingness,full_joint_jvi_training,mar_0.70,15.427613,,
19,predictive_missingness,gp_only,state_dependent_mnar_0.30,1.742516,,
19,predictive_missingness,homogeneous_missingness,state_dependent_mnar_0.30,4.642683,,
19,predictive_missingness,sensor_conditional_plugin_missingness,state_dependent_mnar_0.30,4.737425,,
19,predictive_missingness,joint_variational_missingness,state_dependent_mnar_0.30,5.268570,,
19,predictive_missingness,joint_generative_missingness,state_dependent_mnar_0.30,9.633855,,
19,predictive_missingness,full_joint_jvi_training,state_dependent_mnar_0.30,15.245358,,
19,predictive_missingness,gp_only,state_dependent_mnar_0.50,1.239940,,
19,predictive_missingness,homogeneous_missingness,state_dependent_mnar_0.50,3.892610,,
19,predictive_missingness,sensor_conditional_plugin_missingness,state_dependent_mnar_0.50,3.983232,,
19,predictive_missingness,joint_variational_missingness,state_dependent_mnar_0.50,4.590383,,
19,predictive_missingness,joint_generative_missingness,state_dependent_mnar_0.50,9.034762,,
19,predictive_missingness,full_joint_jvi_training,state_dependent_mnar_0.50,15.246385,,
19,predictive_missingness,gp_only,state_dependent_mnar_0.70,0.786924,,
19,predictive_missingness,homogeneous_missingness,state_dependent_mnar_0.70,3.263214,,
19,predictive_missingness,sensor_conditional_plugin_missingness,state_dependent_mnar_0.70,3.310121,,
19,predictive_missingness,joint_variational_missingness,state_dependent_mnar_0.70,3.956719,,
19,predictive_missingness,joint_generative_missingness,state_dependent_mnar_0.70,8.508537,,
19,predictive_missingness,full_joint_jvi_training,state_dependent_mnar_0.70,15.323844,,
19,predictive_missingness,gp_only,value_dependent_mnar_0.30,1.651328,,
19,predictive_missingness,homogeneous_missingness,value_dependent_mnar_0.30,4.615137,,
19,predictive_missingness,sensor_conditional_plugin_missingness,value_dependent_mnar_0.30,4.767729,,
19,predictive_missingness,joint_variational_missingness,value_dependent_mnar_0.30,5.306060,,
19,predictive_missingness,joint_generative_missingness,value_dependent_mnar_0.30,9.747178,,
19,predictive_missingness,full_joint_jvi_training,value_dependent_mnar_0.30,15.223521,,
19,predictive_missingness,gp_only,value_dependent_mnar_0.50,1.210047,,
19,predictive_missingness,homogeneous_missingness,value_dependent_mnar_0.50,3.851719,,
19,predictive_missingness,sensor_conditional_plugin_missingness,value_dependent_mnar_0.50,4.091116,,
19,predictive_missingness,joint_variational_missingness,value_dependent_mnar_0.50,4.544827,,
19,predictive_missingness,joint_generative_missingness,value_dependent_mnar_0.50,8.954329,,
19,predictive_missingness,full_joint_jvi_training,value_dependent_mnar_0.50,15.340489,,
19,predictive_missingness,gp_only,value_dependent_mnar_0.70,0.731524,,
19,predictive_missingness,homogeneous_missingness,value_dependent_mnar_0.70,3.084796,,
19,predictive_missingness,sensor_conditional_plugin_missingness,value_dependent_mnar_0.70,3.243361,,
19,predictive_missingness,joint_variational_missingness,value_dependent_mnar_0.70,3.754125,,
19,predictive_missingness,joint_generative_missingness,value_dependent_mnar_0.70,8.133432,,
19,predictive_missingness,full_joint_jvi_training,value_dependent_mnar_0.70,15.271628,,
19,fault_diagnosis,pointwise_threshold_baseline,random_dropout,3.229501,0.089637,
19,fault_diagnosis,temporal_residual_baseline,random_dropout,3.289656,0.253991,
19,fault_diagnosis,dbn_lite,random_dropout,59.010947,1.086075,
19,fault_diagnosis,pi_ssd_only,random_dropout,53.997703,0.799731,
19,fault_diagnosis,dbn_plus_pi_ssd,random_dropout,128.186832,1.217692,
19,fault_diagnosis,pointwise_threshold_baseline,block_missingness,3.229501,0.087497,
19,fault_diagnosis,temporal_residual_baseline,block_missingness,3.289656,0.251626,
19,fault_diagnosis,dbn_lite,block_missingness,59.010947,1.107996,
19,fault_diagnosis,pi_ssd_only,block_missingness,53.997703,0.841482,
19,fault_diagnosis,dbn_plus_pi_ssd,block_missingness,128.186832,1.192713,
19,fault_diagnosis,pointwise_threshold_baseline,frozen_sensor,3.229501,0.088721,
19,fault_diagnosis,temporal_residual_baseline,frozen_sensor,3.289656,0.252713,
19,fault_diagnosis,dbn_lite,frozen_sensor,59.010947,1.080415,
19,fault_diagnosis,pi_ssd_only,frozen_sensor,53.997703,0.866525,
19,fault_diagnosis,dbn_plus_pi_ssd,frozen_sensor,128.186832,1.227913,
19,fault_diagnosis,pointwise_threshold_baseline,drift,3.229501,0.079826,
19,fault_diagnosis,temporal_residual_baseline,drift,3.289656,0.244343,
19,fault_diagnosis,dbn_lite,drift,59.010947,1.110213,
19,fault_diagnosis,pi_ssd_only,drift,53.997703,0.840862,
19,fault_diagnosis,dbn_plus_pi_ssd,drift,128.186832,1.221466,
19,fault_diagnosis,pointwise_threshold_baseline,spike_burst,3.229501,0.086859,
19,fault_diagnosis,temporal_residual_baseline,spike_burst,3.289656,0.251753,
19,fault_diagnosis,dbn_lite,spike_burst,59.010947,1.078476,
19,fault_diagnosis,pi_ssd_only,spike_burst,53.997703,0.835605,
19,fault_diagnosis,dbn_plus_pi_ssd,spike_burst,128.186832,1.192539,
19,fault_diagnosis,pointwise_threshold_baseline,extreme_event_confound,3.229501,0.084797,
19,fault_diagnosis,temporal_residual_baseline,extreme_event_confound,3.289656,0.253442,
19,fault_diagnosis,dbn_lite,extreme_event_confound,59.010947,1.083450,
19,fault_diagnosis,pi_ssd_only,extreme_event_confound,53.997703,0.870601,
19,fault_diagnosis,dbn_plus_pi_ssd,extreme_event_confound,128.186832,1.229139,
19,reliability_shift,no_conformal,chronological_shift,15.428017,0.319656,
19,reliability_shift,split_conformal,chronological_shift,16.136547,0.025277,
19,reliability_shift,adaptive_conformal,chronological_shift,16.063900,0.487885,
19,reliability_shift,relational_adaptive,chronological_shift,16.287407,1.766832,
19,reliability_shift,graph_corel,chronological_shift,17.252391,1.629287,
19,reliability_shift,full_model,chronological_shift,16.224099,1.766311,
19,ablation,base_gp_only,canonical,2.315580,,0.056908
19,ablation,gp_plus_dynamic_silence,canonical,3.349436,,0.066057
19,ablation,gp_plus_sensor_conditional_missingness,canonical,5.792154,,0.088306
19,ablation,gp_plus_joint_generative_jvi_training,canonical,15.410030,,0.092503
19,ablation,gp_plus_conformal_reliability,canonical,3.590862,,0.061965
19,ablation,myopic_policy_baseline,canonical,17.426217,,0.119269
19,ablation,full_model,canonical,16.120735,,2.148371
19,policy_runtime,random,budgeted_selection,,,0.001142
19,policy_runtime,variance_policy_baseline,budgeted_selection,18.331797,0.020619,0.091186
19,policy_runtime,myopic_policy_baseline,budgeted_selection,17.463729,0.020710,0.123012
19,policy_runtime,rollout_policy_baseline,budgeted_selection,17.410695,0.025018,0.101452
19,policy_runtime,ppo_warmstart_baseline,budgeted_selection,17.283612,0.020174,0.144976
19,policy_runtime,full_model,budgeted_selection,16.210543,0.019171,2.147675
23,predictive_missingness,gp_only,mar_0.30,1.683274,,
23,predictive_missingness,homogeneous_missingness,mar_0.30,4.568647,,
23,predictive_missingness,sensor_conditional_plugin_missingness,mar_0.30,4.819103,,
23,predictive_missingness,joint_variational_missingness,mar_0.30,5.307954,,
23,predictive_missingness,joint_generative_missingness,mar_0.30,9.686707,,
23,predictive_missingness,full_joint_jvi_training,mar_0.30,15.388262,,
23,predictive_missingness,gp_only,mar_0.50,1.191154,,
23,predictive_missingness,homogeneous_missingness,mar_0.50,3.899060,,
23,predictive_missingness,sensor_conditional_plugin_missingness,mar_0.50,3.978569,,
23,predictive_missingness,joint_variational_missingness,mar_0.50,4.555853,,
23,predictive_missingness,joint_generative_missingness,mar_0.50,9.015821,,
23,predictive_missingness,full_joint_jvi_training,mar_0.50,14.985697,,
23,predictive_missingness,gp_only,mar_0.70,0.724239,,
23,predictive_missingness,homogeneous_missingness,mar_0.70,3.082739,,
23,predictive_missingness,sensor_conditional_plugin_missingness,mar_0.70,3.252057,,
23,predictive_missingness,joint_variational_missingness,mar_0.70,3.832581,,
23,predictive_missingness,joint_generative_missingness,mar_0.70,8.207158,,
23,predictive_missingness,full_joint_jvi_training,mar_0.70,15.357049,,
23,predictive_missingness,gp_only,state_dependent_mnar_0.30,1.684061,,
23,predictive_missingness,homogeneous_missingness,state_dependent_mnar_0.30,4.629586,,
23,predictive_missingness,sensor_conditional_plugin_missingness,state_dependent_mnar_0.30,4.760148,,
23,predictive_missingness,joint_variational_missingness,state_dependent_mnar_0.30,5.303132,,
23,predictive_missingness,joint_generative_missingness,state_dependent_mnar_0.30,9.565690,,
23,predictive_missingness,full_joint_jvi_training,state_dependent_mnar_0.30,15.247898,,
23,predictive_missingness,gp_only,state_dependent_mnar_0.50,1.204803,,
23,predictive_missingness,homogeneous_missingness,state_dependent_mnar_0.50,3.945237,,
23,predictive_missingness,sensor_conditional_plugin_missingness,state_dependent_mnar_0.50,4.099880,,
23,predictive_missingness,joint_variational_missingness,state_dependent_mnar_0.50,4.503061,,
23,predictive_missingness,joint_generative_missingness,state_dependent_mnar_0.50,8.877287,,
23,predictive_missingness,full_joint_jvi_training,state_dependent_mnar_0.50,15.285144,,
23,predictive_missingness,gp_only,state_dependent_mnar_0.70,0.786635,,
23,predictive_missingness,homogeneous_missingness,state_dependent_mnar_0.70,3.237579,,
23,predictive_missingness,sensor_conditional_plugin_missingness,state_dependent_mnar_0.70,3.343263,,
23,predictive_missingness,joint_variational_missingness,state_dependent_mnar_0.70,3.909676,,
23,predictive_missingness,joint_generative_missingness,state_dependent_mnar_0.70,8.250720,,
23,predictive_missingness,full_joint_jvi_training,state_dependent_mnar_0.70,15.392362,,
23,predictive_missingness,gp_only,value_dependent_mnar_0.30,1.740862,,
23,predictive_missingness,homogeneous_missingness,value_dependent_mnar_0.30,4.619001,,
23,predictive_missingness,sensor_conditional_plugin_missingness,value_dependent_mnar_0.30,4.753194,,
23,predictive_missingness,joint_variational_missingness,value_dependent_mnar_0.30,5.274633,,
23,predictive_missingness,joint_generative_missingness,value_dependent_mnar_0.30,9.655588,,
23,predictive_missingness,full_joint_jvi_training,value_dependent_mnar_0.30,15.269110,,
23,predictive_missingness,gp_only,value_dependent_mnar_0.50,1.161221,,
23,predictive_missingness,homogeneous_missingness,value_dependent_mnar_0.50,3.834600,,
23,predictive_missingness,sensor_conditional_plugin_missingness,value_dependent_mnar_0.50,3.938539,,
23,predictive_missingness,joint_variational_missingness,value_dependent_mnar_0.50,4.358329,,
23,predictive_missingness,joint_generative_missingness,value_dependent_mnar_0.50,9.082646,,
23,predictive_missingness,full_joint_jvi_training,value_dependent_mnar_0.50,15.204923,,
23,predictive_missingness,gp_only,value_dependent_mnar_0.70,0.696379,,
23,predictive_missingness,homogeneous_missingness,value_dependent_mnar_0.70,3.020320,,
23,predictive_missingness,sensor_conditional_plugin_missingness,value_dependent_mnar_0.70,3.155888,,
23,predictive_missingness,joint_variational_missingness,value_dependent_mnar_0.70,3.713223,,
23,predictive_missingness,joint_generative_missingness,value_dependent_mnar_0.70,8.151433,,
23,predictive_missingness,full_joint_jvi_training,value_dependent_mnar_0.70,15.110364,,
23,fault_diagnosis,pointwise_threshold_baseline,random_dropout,3.207896,0.087531,
23,fault_diagnosis,temporal_residual_baseline,random_dropout,3.358150,0.244757,
23,fault_diagnosis,dbn_lite,random_dropout,58.938200,0.936632,
23,fault_diagnosis,pi_ssd_only,random_dropout,54.019915,0.849710,
23,fault_diagnosis,dbn_plus_pi_ssd,random_dropout,128.138803,1.223600,
23,fault_diagnosis,pointwise_threshold_baseline,block_missingness,3.207896,0.088009,
23,fault_diagnosis,temporal_residual_baseline,block_missingness,3.358150,0.242003,
23,fault_diagnosis,dbn_lite,block_missingness,58.938200,1.073695,
23,fault_diagnosis,pi_ssd_only,block_missingness,54.019915,0.848624,
23,fault_diagnosis,dbn_plus_pi_ssd,block_missingness,128.138803,1.230923,
23,fault_diagnosis,pointwise_threshold_baseline,frozen_sensor,3.207896,0.088109,
23,fault_diagnosis,temporal_residual_baseline,frozen_sensor,3.358150,0.252145,
23,fault_diagnosis,dbn_lite,frozen_sensor,58.938200,1.017881,
23,fault_diagnosis,pi_ssd_only,frozen_sensor,54.019915,0.828487,
23,fault_diagnosis,dbn_plus_pi_ssd,frozen_sensor,128.138803,1.236255,
23,fault_diagnosis,pointwise_threshold_baseline,drift,3.207896,0.080267,
23,fault_diagnosis,temporal_residual_baseline,drift,3.358150,0.251644,
23,fault_diagnosis,dbn_lite,drift,58.938200,1.091859,
23,fault_diagnosis,pi_ssd_only,drift,54.019915,0.848582,
23,fault_diagnosis,dbn_plus_pi_ssd,drift,128.138803,1.187951,
23,fault_diagnosis,pointwise_threshold_baseline,spike_burst,3.207896,0.087981,
23,fault_diagnosis,temporal_residual_baseline,spike_burst,3.358150,0.254087,
23,fault_diagnosis,dbn_lite,spike_burst,58.938200,1.111053,
23,fault_diagnosis,pi_ssd_only,spike_burst,54.019915,0.855722,
23,fault_diagnosis,dbn_plus_pi_ssd,spike_burst,128.138803,1.217647,
23,fault_diagnosis,pointwise_threshold_baseline,extreme_event_confound,3.207896,0.073016,
23,fault_diagnosis,temporal_residual_baseline,extreme_event_confound,3.358150,0.220470,
23,fault_diagnosis,dbn_lite,extreme_event_confound,58.938200,1.086499,
23,fault_diagnosis,pi_ssd_only,extreme_event_confound,54.019915,0.768007,
23,fault_diagnosis,dbn_plus_pi_ssd,extreme_event_confound,128.138803,1.223098,
23,reliability_shift,no_conformal,chronological_shift,15.561396,0.306548,
23,reliability_shift,split_conformal,chronological_shift,15.961792,0.022786,
23,reliability_shift,adaptive_conformal,chronological_shift,15.919825,0.482819,
23,reliability_shift,relational_adaptive,chronological_shift,16.162090,1.851161,
23,reliability_shift,graph_corel,chronological_shift,17.004611,1.665448,
23,reliability_shift,full_model,chronological_shift,15.981043,1.751809,
23,ablation,base_gp_only,canonical,2.287706,,0.062244
23,ablation,gp_plus_dynamic_silence,canonical,3.361181,,0.060582
23,ablation,gp_plus_sensor_conditional_missingness,canonical,5.775451,,0.088385
23,ablation,gp_plus_joint_generative_jvi_training,canonical,15.316807,,0.091816
23,ablation,gp_plus_conformal_reliability,canonical,3.582413,,0.063764
23,ablation,myopic_policy_baseline,canonical,17.286926,,0.113762
23,ablation,full_model,canonical,16.063082,,2.141238
23,policy_runtime,random,budgeted_selection,,,0.001131
23,policy_runtime,variance_policy_baseline,budgeted_selection,18.237063,0.020199,0.096361
23,policy_runtime,myopic_policy_baseline,budgeted_selection,17.316994,0.020036,0.115958
23,policy_runtime,rollout_policy_baseline,budgeted_selection,17.305339,0.020091,0.098375
23,policy_runtime,ppo_warmstart_baseline,budgeted_selection,17.231485,0.020646,0.137152
23,policy_runtime,full_model,budgeted_selection,16.062869,0.020906,2.182601
29,predictive_missingness,gp_only,mar_0.30,1.679614,,
29,predictive_missingness,homogeneous_missingness,mar_0.30,4.653146,,
29,predictive_missingness,sensor_conditional_plugin_missingness,mar_0.30,4.789504,,
29,predictive_missingness,joint_variational_missingness,mar_0.30,5.335295,,
29,predictive_missingness,joint_generative_missingness,mar_0.30,9.671928,,
29,predictive_missingness,full_joint_jvi_training,mar_0.30,15.312267,,
29,predictive_missingness,gp_only,mar_0.50,1.215622,,
29,predictive_missingness,homogeneous_missingness,mar_0.50,3.890856,,
29,predictive_missingness,sensor_conditional_plugin_missingness,mar_0.50,3.941645,,
29,predictive_missingness,joint_variational_missingness,mar_0.50,4.542191,,
29,predictive_missingness,joint_generative_missingness,mar_0.50,8.893665,,
29,predictive_missingness,full_joint_jvi_training,mar_0.50,15.438926,,
29,predictive_missingness,gp_only,mar_0.70,0.729911,,
29,predictive_missingness,homogeneous_missingness,mar_0.70,3.123236,,
29,predictive_missingness,sensor_conditional_plugin_missingness,mar_0.70,3.218385,,
29,predictive_missingness,joint_variational_missingness,mar_0.70,3.814473,,
29,predictive_missingness,joint_generative_missingness,mar_0.70,8.096511,,
29,predictive_missingness,full_joint_jvi_training,mar_0.70,15.330234,,
29,predictive_missingness,gp_only,state_dependent_mnar_0.30,1.724017,,
29,predictive_missingness,homogeneous_missingness,state_dependent_mnar_0.30,4.514633,,
29,predictive_missingness,sensor_conditional_plugin_missingness,state_dependent_mnar_0.30,4.716835,,
29,predictive_missingness,joint_variational_missingness,state_dependent_mnar_0.30,5.342008,,
29,predictive_missingness,joint_generative_missingness,state_dependent_mnar_0.30,9.737493,,
29,predictive_missingness,full_joint_jvi_training,state_dependent_mnar_0.30,15.149991,,
29,predictive_missingness,gp_only,state_dependent_mnar_0.50,1.178658,,
29,predictive_missingness,homogeneous_missingness,state_dependent_mnar_0.50,3.741939,,
29,predictive_missingness,sensor_conditional_plugin_missingness,state_dependent_mnar_0.50,4.011695,,
29,predictive_missingness,joint_variational_missingness,state_dependent_mnar_0.50,4.519276,,
29,predictive_missingness,joint_generative_missingness,state_dependent_mnar_0.50,8.898445,,
29,predictive_missingness,full_joint_jvi_training,state_dependent_mnar_0.50,15.220650,,
29,predictive_missingness,gp_only,state_dependent_mnar_0.70,0.747490,,
29,predictive_missingness,homogeneous_missingness,state_dependent_mnar_0.70,3.157518,,
29,predictive_missingness,sensor_conditional_plugin_missingness,state_dependent_mnar_0.70,3.301826,,
29,predictive_missingness,joint_variational_missingness,state_dependent_mnar_0.70,3.892394,,
29,predictive_missingness,joint_generative_missingness,state_dependent_mnar_0.70,8.287465,,
29,predictive_missingness,full_joint_jvi_training,state_dependent_mnar_0.70,15.184156,,
29,predictive_missingness,gp_only,value_dependent_mnar_0.30,1.702251,,
29,predictive_missingness,homogeneous_missingness,value_dependent_mnar_0.30,4.593466,,
29,predictive_missingness,sensor_conditional_plugin_missingness,value_dependent_mnar_0.30,4.750406,,
29,predictive_missingness,joint_variational_missingness,value_dependent_mnar_0.30,5.328239,,
29,predictive_missingness,joint_generative_missingness,value_dependent_mnar_0.30,9.552185,,
29,predictive_missingness,full_joint_jvi_training,value_dependent_mnar_0.30,15.234035,,
29,predictive_missingness,gp_only,value_dependent_mnar_0.50,1.165273,,
29,predictive_missingness,homogeneous_missingness,value_dependent_mnar_0.50,3.864346,,
29,predictive_missingness,sensor_conditional_plugin_missingness,value_dependent_mnar_0.50,3.976216,,
29,predictive_missingness,joint_variational_missingness,value_dependent_mnar_0.50,4.615031,,
29,predictive_missingness,joint_generative_missingness,value_dependent_mnar_0.50,9.015136,,
29,predictive_missingness,full_joint_jvi_training,value_dependent_mnar_0.50,15.113831,,
29,predictive_missingness,gp_only,value_dependent_mnar_0.70,0.707011,,
29,predictive_missingness,homogeneous_missingness,value_dependent_mnar_0.70,3.019377,,
29,predictive_missingness,sensor_conditional_plugin_missingness,value_dependent_mnar_0.70,3.254085,,
29,predictive_missingness,joint_variational_missingness,value_dependent_mnar_0.70,3.702746,,
29,predictive_missingness,joint_generative_missingness,value_dependent_mnar_0.70,8.117655,,
29,predictive_missingness,full_joint_jvi_training,value_dependent_mnar_0.70,15.440760,,
29,fault_diagnosis,pointwise_threshold_baseline,random_dropout,3.185884,0.087636,
29,fault_diagnosis,temporal_residual_baseline,random_dropout,3.244491,0.218806,
29,fault_diagnosis,dbn_lite,random_dropout,58.641327,1.081911,
29,fault_diagnosis,pi_ssd_only,random_dropout,54.097407,0.829124,
29,fault_diagnosis,dbn_plus_pi_ssd,random_dropout,128.655914,1.176543,
29,fault_diagnosis,pointwise_threshold_baseline,block_missingness,3.185884,0.088337,
29,fault_diagnosis,temporal_residual_baseline,block_missingness,3.244491,0.252690,
29,fault_diagnosis,dbn_lite,block_missingness,58.641327,1.097708,
29,fault_diagnosis,pi_ssd_only,block_missingness,54.097407,0.849874,
29,fault_diagnosis,dbn_plus_pi_ssd,block_missingness,128.655914,1.229674,
29,fault_diagnosis,pointwise_threshold_baseline,frozen_sensor,3.185884,0.087737,
29,fault_diagnosis,temporal_residual_baseline,frozen_sensor,3.244491,0.253324,
29,fault_diagnosis,dbn_lite,frozen_sensor,58.641327,1.108300,
29,fault_diagnosis,pi_ssd_only,frozen_sensor,54.097407,0.855003,
29,fault_diagnosis,dbn_plus_pi_ssd,frozen_sensor,128.655914,1.192979,
29,fault_diagnosis,pointwise_threshold_baseline,drift,3.185884,0.087350,
29,fault_diagnosis,temporal_residual_baseline,drift,3.244491,0.226086,
29,fault_diagnosis,dbn_lite,drift,58.641327,1.114537,
29,fault_diagnosis,pi_ssd_only,drift,54.097407,0.847093,
29,fault_diagnosis,dbn_plus_pi_ssd,drift,128.655914,1.204344,
29,fault_diagnosis,pointwise_threshold_baseline,spike_burst,3.185884,0.088270,
29,fault_diagnosis,temporal_residual_baseline,spike_burst,3.244491,0.229747,
29,fault_diagnosis,dbn_lite,spike_burst,58.641327,1.112125,
29,fault_diagnosis,pi_ssd_only,spike_burst,54.097407,0.827528,
29,fault_diagnosis,dbn_plus_pi_ssd,spike_burst,128.655914,1.119590,
29,fault_diagnosis,pointwise_threshold_baseline,extreme_event_confound,3.185884,0.072411,
29,fault_diagnosis,temporal_residual_baseline,extreme_event_confound,3.244491,0.241095,
29,fault_diagnosis,dbn_lite,extreme_event_confound,58.641327,1.078266,
29,fault_diagnosis,pi_ssd_only,extreme_event_confound,54.097407,0.834973,
29,fault_diagnosis,dbn_plus_pi_ssd,extreme_event_confound,128.655914,1.170433,
29,reliability_shift,no_conformal,chronological_shift,15.721603,0.314301,
29,reliability_shift,split_conformal,chronological_shift,16.047480,0.022713,
29,reliability_shift,adaptive_conformal,chronological_shift,16.109898,0.496650,
29,reliability_shift,relational_adaptive,chronological_shift,16.400618,1.752095,
29,reliability_shift,graph_corel,chronological_shift,16.883638,1.661091,
29,reliability_shift,full_model,chronological_shift,16.181485,1.771571,
29,ablation,base_gp_only,canonical,2.304412,,0.061989
29,ablation,gp_plus_dynamic_silence,canonical,3.377979,,0.063946
29,ablation,gp_plus_sensor_conditional_missingness,canonical,5.734562,,0.087593
29,ablation,gp_plus_joint_generative_jvi_training,canonical,15.449043,,0.093266
29,ablation,gp_plus_conformal_reliability,canonical,3.658629,,0.061070
29,ablation,myopic_policy_baseline,canonical,17.361947,,0.116314
29,ablation,full_model,canonical,16.190794,,2.117276
29,policy_runtime,random,budgeted_selection,,,0.001110
29,policy_runtime,variance_policy_baseline,budgeted_selection,18.155265,0.020968,0.096296
29,policy_runtime,myopic_policy_baseline,budgeted_selection,17.206361,0.020288,0.112367
29,policy_runtime,rollout_policy_baseline,budgeted_selection,17.152304,0.019986,0.098563
29,policy_runtime,ppo_warmstart_baseline,budgeted_selection,17.358008,0.020027,0.144021
29,policy_runtime,full_model,budgeted_selection,16.284467,0.020262,2.126669
